--
-- Arquivo gerado com SQLiteStudio v3.4.4 em sex jun 2 20:23:10 2023
--
-- Codificação de texto usada: System
--
PRAGMA foreign_keys = off;
BEGIN TRANSACTION;

-- Tabela: tipo_veiculo
CREATE TABLE IF NOT EXISTS tipo_veiculo (tipo TEXT PRIMARY KEY NOT NULL);
INSERT INTO tipo_veiculo (tipo) VALUES ('Motocicleta');
INSERT INTO tipo_veiculo (tipo) VALUES ('Carro');
INSERT INTO tipo_veiculo (tipo) VALUES ('Caminhão');
INSERT INTO tipo_veiculo (tipo) VALUES ('Furgão');
INSERT INTO tipo_veiculo (tipo) VALUES ('Caminhonete');
INSERT INTO tipo_veiculo (tipo) VALUES ('Ônibus');

-- Tabela: usuario
CREATE TABLE IF NOT EXISTS usuario (chave INTEGER PRIMARY KEY AUTOINCREMENT UNIQUE, login TEXT, senha TEXT, nome TEXT);
INSERT INTO usuario (chave, login, senha, nome) VALUES (1, 'matheus', '1313abilio', 'matheus');
INSERT INTO usuario (chave, login, senha, nome) VALUES (2, 'luisz', 'palitodefosfroacezokeimacouxaoabilio321', 'luisz');
INSERT INTO usuario (chave, login, senha, nome) VALUES (3, 'alibio', 'kouchao321', 'abilioioioioioioioioioioi');
INSERT INTO usuario (chave, login, senha, nome) VALUES (4, 'wendell', 'indio40028922somdojaponesindioabilio', 'indiowendeLL');
INSERT INTO usuario (chave, login, senha, nome) VALUES (5, 'ingor3k', 'gorilaalbinaalibinodinoide', 'igor3xo');

-- Tabela: veiculo
CREATE TABLE IF NOT EXISTS veiculo (chave INTEGER PRIMARY KEY AUTOINCREMENT NOT NULL, marca TEXT NOT NULL, modelo TEXT NOT NULL, ano INTEGER NOT NULL CONSTRAINT "erro ano" CHECK (ano >= 1900), placa TEXT (7) UNIQUE NOT NULL CONSTRAINT "erro placa" CHECK ((length(placa) = 7)), cor TEXT NOT NULL, tipo TEXT REFERENCES tipo_veiculo (tipo) NOT NULL);
INSERT INTO veiculo (chave, marca, modelo, ano, placa, cor, tipo) VALUES (1, 'Volkswagen', 'Gol MKII', 1999, 'DKN1977', 'Branco', 'Carro');
INSERT INTO veiculo (chave, marca, modelo, ano, placa, cor, tipo) VALUES (2, 'Toyota', 'Supra MK4', 1995, 'SPH2004', 'Roxo', 'Carro');
INSERT INTO veiculo (chave, marca, modelo, ano, placa, cor, tipo) VALUES (3, 'Scania', 'Super S', 2023, 'TXM1330', 'Branco', 'Carro');
INSERT INTO veiculo (chave, marca, modelo, ano, placa, cor, tipo) VALUES (4, 'Honda', 'Civic Type-R', 1997, 'COR1910', 'Branco', 'Caminhão');
INSERT INTO veiculo (chave, marca, modelo, ano, placa, cor, tipo) VALUES (5, 'Mazda', 'Miata MX5', 1994, 'THT2004', 'Preto', 'Carro');
INSERT INTO veiculo (chave, marca, modelo, ano, placa, cor, tipo) VALUES (6, 'Mercedes-benz', 'O 500 R', 2022, 'OOI7816', 'Azul-Marinho', 'Ônibus');
INSERT INTO veiculo (chave, marca, modelo, ano, placa, cor, tipo) VALUES (7, 'Honda', 'CG 125', 2010, 'ABC1234', 'Vermelho', 'Motocicleta');
INSERT INTO veiculo (chave, marca, modelo, ano, placa, cor, tipo) VALUES (8, 'Volkswagen', 'Gol', 2015, 'DEF5678', 'Preto', 'Carro');
INSERT INTO veiculo (chave, marca, modelo, ano, placa, cor, tipo) VALUES (9, 'Scania', 'P360', 2018, 'GHI9012', 'Branco', 'Caminhão');
INSERT INTO veiculo (chave, marca, modelo, ano, placa, cor, tipo) VALUES (10, 'Fiat', 'Ducato', 2020, 'JKL3456', 'Prata', 'Furgão');
INSERT INTO veiculo (chave, marca, modelo, ano, placa, cor, tipo) VALUES (11, 'Ford', 'Ranger', 2019, 'MNO7890', 'Azul', 'Caminhonete');
INSERT INTO veiculo (chave, marca, modelo, ano, placa, cor, tipo) VALUES (12, 'Volvo', 'B12R', 2012, 'PQR1234', 'Verde', 'Ônibus');
INSERT INTO veiculo (chave, marca, modelo, ano, placa, cor, tipo) VALUES (13, 'Yamaha', 'XJ6', 2017, 'STU6789', 'Vermelho', 'Motocicleta');
INSERT INTO veiculo (chave, marca, modelo, ano, placa, cor, tipo) VALUES (14, 'Renault', 'Sandero', 2016, 'VWX1234', 'Branco', 'Carro');
INSERT INTO veiculo (chave, marca, modelo, ano, placa, cor, tipo) VALUES (15, 'Volvo', 'FH540', 2021, 'YZA5678', 'Preto', 'Caminhão');
INSERT INTO veiculo (chave, marca, modelo, ano, placa, cor, tipo) VALUES (16, 'Fiat', 'Strada', 2020, 'BCD9012', 'Vermelho', 'Furgão');
INSERT INTO veiculo (chave, marca, modelo, ano, placa, cor, tipo) VALUES (17, 'Chevrolet', 'S10', 2019, 'EFG3456', 'Prata', 'Caminhonete');
INSERT INTO veiculo (chave, marca, modelo, ano, placa, cor, tipo) VALUES (18, 'Mercedes-Benz', 'O500R', 2015, 'HIJ7890', 'Azul', 'Ônibus');
INSERT INTO veiculo (chave, marca, modelo, ano, placa, cor, tipo) VALUES (19, 'Honda', 'CG 150', 2018, 'KLM1234', 'Preto', 'Motocicleta');
INSERT INTO veiculo (chave, marca, modelo, ano, placa, cor, tipo) VALUES (20, 'Ford', 'Fiesta', 2015, 'NOP5678', 'Branco', 'Carro');
INSERT INTO veiculo (chave, marca, modelo, ano, placa, cor, tipo) VALUES (21, 'Scania', 'G480', 2019, 'QRS9012', 'Vermelho', 'Caminhão');
INSERT INTO veiculo (chave, marca, modelo, ano, placa, cor, tipo) VALUES (22, 'Volkswagen', 'Kombi', 2021, 'TUV3456', 'Amarelo', 'Furgão');
INSERT INTO veiculo (chave, marca, modelo, ano, placa, cor, tipo) VALUES (23, 'Toyota', 'Hilux', 2017, 'WXY7890', 'Prata', 'Caminhonete');
INSERT INTO veiculo (chave, marca, modelo, ano, placa, cor, tipo) VALUES (24, 'Iveco', 'Daily', 2014, 'ZAB1234', 'Branco', 'Furgão');
INSERT INTO veiculo (chave, marca, modelo, ano, placa, cor, tipo) VALUES (25, 'Volvo', 'B12M', 2010, 'CDE5678', 'Azul', 'Ônibus');
INSERT INTO veiculo (chave, marca, modelo, ano, placa, cor, tipo) VALUES (26, 'Harley-Davidson', 'Iron 883', 2018, 'FGH9012', 'Preto', 'Motocicleta');
INSERT INTO veiculo (chave, marca, modelo, ano, placa, cor, tipo) VALUES (27, 'Fiat', 'Palio', 2016, 'IJK3456', 'Branco', 'Carro');
INSERT INTO veiculo (chave, marca, modelo, ano, placa, cor, tipo) VALUES (28, 'Mercedes-Benz', 'LS1634', 2019, 'LMN7890', 'Vermelho', 'Caminhão');
INSERT INTO veiculo (chave, marca, modelo, ano, placa, cor, tipo) VALUES (29, 'Renault', 'Master', 2015, 'OPQ1234', 'Prata', 'Furgão');
INSERT INTO veiculo (chave, marca, modelo, ano, placa, cor, tipo) VALUES (30, 'Chevrolet', 'Montana', 2020, 'RST5678', 'Azul', 'Caminhonete');
INSERT INTO veiculo (chave, marca, modelo, ano, placa, cor, tipo) VALUES (31, 'Marcopolo', 'Viaggio G7', 2013, 'UVW9012', 'Branco', 'Ônibus');
INSERT INTO veiculo (chave, marca, modelo, ano, placa, cor, tipo) VALUES (32, 'Suzuki', 'Burgman 125', 2017, 'XYZ1234', 'Preto', 'Motocicleta');
INSERT INTO veiculo (chave, marca, modelo, ano, placa, cor, tipo) VALUES (33, 'Nissan', 'Silvia S13', 1991, 'DRF9832', 'Vermelho', 'Carro');
INSERT INTO veiculo (chave, marca, modelo, ano, placa, cor, tipo) VALUES (34, 'Toyota', 'AE86', 1986, 'DRF4685', 'Preto', 'Carro');
INSERT INTO veiculo (chave, marca, modelo, ano, placa, cor, tipo) VALUES (35, 'Mazda', 'RX-7 FD', 1995, 'DRF3184', 'Branco', 'Carro');
INSERT INTO veiculo (chave, marca, modelo, ano, placa, cor, tipo) VALUES (36, 'Nissan', 'Skyline R32', 1991, 'DRF8726', 'Azul', 'Carro');
INSERT INTO veiculo (chave, marca, modelo, ano, placa, cor, tipo) VALUES (37, 'Toyota', 'Supra Mk4', 1995, 'DRF5551', 'Prata', 'Carro');
INSERT INTO veiculo (chave, marca, modelo, ano, placa, cor, tipo) VALUES (38, 'Honda', 'S2000', 2002, 'DRF6392', 'Amarelo', 'Carro');
INSERT INTO veiculo (chave, marca, modelo, ano, placa, cor, tipo) VALUES (39, 'Mitsubishi', 'Eclipse GSX', 1998, 'DRF1527', 'Vermelho', 'Carro');
INSERT INTO veiculo (chave, marca, modelo, ano, placa, cor, tipo) VALUES (40, 'Nissan', '240SX S14', 1998, 'DRF4165', 'Preto', 'Carro');
INSERT INTO veiculo (chave, marca, modelo, ano, placa, cor, tipo) VALUES (41, 'Toyota', 'Chaser JZX100', 1996, 'DRF7289', 'Branco', 'Carro');
INSERT INTO veiculo (chave, marca, modelo, ano, placa, cor, tipo) VALUES (42, 'Subaru', 'Impreza WRX STi', 2004, 'DRF2736', 'Azul', 'Carro');
INSERT INTO veiculo (chave, marca, modelo, ano, placa, cor, tipo) VALUES (43, 'Ferrari', '488 GTB', 2019, 'SPD9801', 'Vermelho', 'Carro');
INSERT INTO veiculo (chave, marca, modelo, ano, placa, cor, tipo) VALUES (44, 'Lamborghini', 'Aventador SVJ', 2021, 'SPD1865', 'Verde', 'Carro');
INSERT INTO veiculo (chave, marca, modelo, ano, placa, cor, tipo) VALUES (45, 'Porsche', '911 GT3 RS', 2022, 'SPD7523', 'Laranja', 'Carro');
INSERT INTO veiculo (chave, marca, modelo, ano, placa, cor, tipo) VALUES (46, 'Mercedes-Benz', 'AMG GT R', 2020, 'SPD2398', 'Amarelo', 'Carro');
INSERT INTO veiculo (chave, marca, modelo, ano, placa, cor, tipo) VALUES (47, 'Aston Martin', 'DB11', 2018, 'SPD5772', 'Azul', 'Carro');
INSERT INTO veiculo (chave, marca, modelo, ano, placa, cor, tipo) VALUES (48, 'McLaren', '720S', 2021, 'SPD3314', 'Prata', 'Carro');
INSERT INTO veiculo (chave, marca, modelo, ano, placa, cor, tipo) VALUES (49, 'Bugatti', 'Chiron', 2022, 'SPD9578', 'Preto', 'Carro');
INSERT INTO veiculo (chave, marca, modelo, ano, placa, cor, tipo) VALUES (50, 'Koenigsegg', 'Jesko', 2023, 'SPD4821', 'Branco', 'Carro');
INSERT INTO veiculo (chave, marca, modelo, ano, placa, cor, tipo) VALUES (51, 'Audi', 'R8 V10 Plus', 2017, 'SPD6037', 'Vermelho', 'Carro');
INSERT INTO veiculo (chave, marca, modelo, ano, placa, cor, tipo) VALUES (52, 'BMW', 'M5', 2022, 'SPD4675', 'Preto', 'Carro');
INSERT INTO veiculo (chave, marca, modelo, ano, placa, cor, tipo) VALUES (53, 'Chevrolet', 'Corvette C8', 2021, 'SPD2216', 'Branco', 'Carro');
INSERT INTO veiculo (chave, marca, modelo, ano, placa, cor, tipo) VALUES (54, 'Dodge', 'Challenger SRT Hellcat', 2021, 'SPD8075', 'Verde', 'Carro');
INSERT INTO veiculo (chave, marca, modelo, ano, placa, cor, tipo) VALUES (55, 'Ford', 'Mustang Shelby GT500', 2021, 'SPD3591', 'Azul', 'Carro');
INSERT INTO veiculo (chave, marca, modelo, ano, placa, cor, tipo) VALUES (56, 'Jaguar', 'F-Type R', 2021, 'SPD5769', 'Cinza', 'Carro');
INSERT INTO veiculo (chave, marca, modelo, ano, placa, cor, tipo) VALUES (57, 'Lexus', 'LC 500', 2022, 'SPD1274', 'Amarelo', 'Carro');
INSERT INTO veiculo (chave, marca, modelo, ano, placa, cor, tipo) VALUES (58, 'Nissan', 'GT-R Nismo', 2022, 'SPD6983', 'Prata', 'Carro');
INSERT INTO veiculo (chave, marca, modelo, ano, placa, cor, tipo) VALUES (59, 'Tesla', 'Roadster', 2023, 'SPD9127', 'Vermelho', 'Carro');
INSERT INTO veiculo (chave, marca, modelo, ano, placa, cor, tipo) VALUES (60, 'Toyota', 'GR Supra', 2022, 'SPD2846', 'Laranja', 'Carro');
INSERT INTO veiculo (chave, marca, modelo, ano, placa, cor, tipo) VALUES (61, 'Harley Davidson', 'Fat Boy', 2021, 'HAR9010', 'Preto', 'Motocicleta');
INSERT INTO veiculo (chave, marca, modelo, ano, placa, cor, tipo) VALUES (62, 'Harley Davidson', 'Iron 883', 2022, 'HAR2365', 'Vermelho', 'Motocicleta');
INSERT INTO veiculo (chave, marca, modelo, ano, placa, cor, tipo) VALUES (63, 'Harley Davidson', 'Road Glide', 2019, 'HAR5178', 'Azul', 'Motocicleta');
INSERT INTO veiculo (chave, marca, modelo, ano, placa, cor, tipo) VALUES (64, 'Harley Davidson', 'Street Glide', 2020, 'HAR8712', 'Preto', 'Motocicleta');
INSERT INTO veiculo (chave, marca, modelo, ano, placa, cor, tipo) VALUES (65, 'Harley Davidson', 'Softail Slim', 2021, 'HAR6043', 'Cinza', 'Motocicleta');
INSERT INTO veiculo (chave, marca, modelo, ano, placa, cor, tipo) VALUES (66, 'Dodge', 'Charger', 2022, 'ROX6975', 'Roxo', 'Carro');
INSERT INTO veiculo (chave, marca, modelo, ano, placa, cor, tipo) VALUES (67, 'Toyota', 'C-HR', 2022, 'ROX1945', 'Roxo', 'Carro');
INSERT INTO veiculo (chave, marca, modelo, ano, placa, cor, tipo) VALUES (68, 'Volkswagen', 'Golf GTI', 2021, 'ROX8150', 'Roxo', 'Carro');
INSERT INTO veiculo (chave, marca, modelo, ano, placa, cor, tipo) VALUES (69, 'Ford', 'F-4000', 2022, 'ACD6159', 'Laranja', 'Caminhão');
INSERT INTO veiculo (chave, marca, modelo, ano, placa, cor, tipo) VALUES (70, 'Iveco', 'Stralis', 2020, 'HMK3409', 'Amarelo', 'Caminhão');
INSERT INTO veiculo (chave, marca, modelo, ano, placa, cor, tipo) VALUES (71, 'Mercedes-Benz', 'Atego', 2018, 'LDV9514', 'Azul', 'Caminhão');
INSERT INTO veiculo (chave, marca, modelo, ano, placa, cor, tipo) VALUES (72, 'Renault', 'Master', 2021, 'NAZ4975', 'Verde', 'Caminhão');
INSERT INTO veiculo (chave, marca, modelo, ano, placa, cor, tipo) VALUES (73, 'Scania', 'G480', 2019, 'PXR2816', 'Branco', 'Caminhão');
INSERT INTO veiculo (chave, marca, modelo, ano, placa, cor, tipo) VALUES (74, 'Volvo', 'FH 460', 2022, 'QVA2154', 'Cinza', 'Caminhão');
INSERT INTO veiculo (chave, marca, modelo, ano, placa, cor, tipo) VALUES (75, 'Volvo', 'FMX', 2020, 'RLN7402', 'Vermelho', 'Caminhão');
INSERT INTO veiculo (chave, marca, modelo, ano, placa, cor, tipo) VALUES (76, 'Ford', 'Cargo 2428', 2019, 'RVC6201', 'Prata', 'Caminhão');
INSERT INTO veiculo (chave, marca, modelo, ano, placa, cor, tipo) VALUES (77, 'Mercedes-Benz', 'Actros', 2022, 'XGO1052', 'Preto', 'Caminhão');
INSERT INTO veiculo (chave, marca, modelo, ano, placa, cor, tipo) VALUES (78, 'Scania', 'P310', 2021, 'XNN4089', 'Branco', 'Caminhão');
INSERT INTO veiculo (chave, marca, modelo, ano, placa, cor, tipo) VALUES (79, 'Fiat', 'Ducato', 2022, 'EXO5505', 'Laranja Metálico', 'Furgão');
INSERT INTO veiculo (chave, marca, modelo, ano, placa, cor, tipo) VALUES (80, 'Renault', 'Master', 2021, 'FXK7321', 'Rosa Choque', 'Furgão');
INSERT INTO veiculo (chave, marca, modelo, ano, placa, cor, tipo) VALUES (81, 'Ford', 'Raptor', 2020, 'AKJ7707', 'Roxo Metálico', 'Caminhonete');
INSERT INTO veiculo (chave, marca, modelo, ano, placa, cor, tipo) VALUES (82, 'Chevrolet', 'S10', 2019, 'BVC2109', 'Verde Limão', 'Caminhonete');
INSERT INTO veiculo (chave, marca, modelo, ano, placa, cor, tipo) VALUES (83, 'Toyota', 'Hilux', 2021, 'FAD1298', 'Laranja Metálico', 'Caminhonete');
INSERT INTO veiculo (chave, marca, modelo, ano, placa, cor, tipo) VALUES (84, 'Nissan', 'Frontier', 2018, 'CJS8921', 'Azul Metálico', 'Caminhonete');
INSERT INTO veiculo (chave, marca, modelo, ano, placa, cor, tipo) VALUES (85, 'Dodge', 'Ram 1500', 2017, 'PHS4312', 'Amarelo Neon', 'Caminhonete');
INSERT INTO veiculo (chave, marca, modelo, ano, placa, cor, tipo) VALUES (86, 'Mercedes-Benz', 'OF 1721', 2010, 'CZY5123', 'Branco', 'Ônibus');
INSERT INTO veiculo (chave, marca, modelo, ano, placa, cor, tipo) VALUES (87, 'Volvo', 'B270F', 2012, 'EPP2649', 'Verde', 'Ônibus');
INSERT INTO veiculo (chave, marca, modelo, ano, placa, cor, tipo) VALUES (88, 'Scania', 'K310', 2011, 'GJM8647', 'Azul', 'Ônibus');
INSERT INTO veiculo (chave, marca, modelo, ano, placa, cor, tipo) VALUES (89, 'Iveco', '170S28', 2009, 'BLF4381', 'Amarelo', 'Ônibus');
INSERT INTO veiculo (chave, marca, modelo, ano, placa, cor, tipo) VALUES (90, 'Man', '18.310', 2010, 'CZU2928', 'Vermelho', 'Ônibus');
INSERT INTO veiculo (chave, marca, modelo, ano, placa, cor, tipo) VALUES (91, 'Ford', 'Model T', 1908, 'ABC8884', 'Preto', 'Carro');
INSERT INTO veiculo (chave, marca, modelo, ano, placa, cor, tipo) VALUES (92, 'Volkswagen', 'Beetle', 1938, 'DEF8885', 'Vermelho', 'Carro');
INSERT INTO veiculo (chave, marca, modelo, ano, placa, cor, tipo) VALUES (93, 'Chevrolet', 'Bel Air', 1953, 'GHI8855', 'Azul', 'Carro');
INSERT INTO veiculo (chave, marca, modelo, ano, placa, cor, tipo) VALUES (94, 'Ferrari', '250 GT', 1954, 'JKL5588', 'Amarelo', 'Carro');
INSERT INTO veiculo (chave, marca, modelo, ano, placa, cor, tipo) VALUES (95, 'Mercedes-Benz', '300SL', 1954, 'MNO7771', 'Prata', 'Carro');
INSERT INTO veiculo (chave, marca, modelo, ano, placa, cor, tipo) VALUES (96, 'Jaguar', 'E-Type', 1961, 'PQR1221', 'Verde', 'Carro');
INSERT INTO veiculo (chave, marca, modelo, ano, placa, cor, tipo) VALUES (97, 'Porsche', '911', 1963, 'STU4545', 'Laranja', 'Carro');
INSERT INTO veiculo (chave, marca, modelo, ano, placa, cor, tipo) VALUES (98, 'Mini', 'Cooper', 1964, 'VWX1313', 'Roxo', 'Carro');
INSERT INTO veiculo (chave, marca, modelo, ano, placa, cor, tipo) VALUES (99, 'Chevrolet', 'Camaro', 1966, 'YZA3000', 'Azul claro', 'Carro');
INSERT INTO veiculo (chave, marca, modelo, ano, placa, cor, tipo) VALUES (100, 'Ford', 'Mustang', 1967, 'BCD3232', 'Vermelho', 'Carro');
INSERT INTO veiculo (chave, marca, modelo, ano, placa, cor, tipo) VALUES (101, 'Chevrolet', 'Cruze', 2014, 'AAA1111', 'Preto', 'Carro');
INSERT INTO veiculo (chave, marca, modelo, ano, placa, cor, tipo) VALUES (102, 'Volkswagen', 'Jetta', 2015, 'BBB2222', 'Branco', 'Carro');
INSERT INTO veiculo (chave, marca, modelo, ano, placa, cor, tipo) VALUES (103, 'Toyota', 'Corolla', 2016, 'CCC3333', 'Prata', 'Carro');
INSERT INTO veiculo (chave, marca, modelo, ano, placa, cor, tipo) VALUES (104, 'Fiat', 'Uno', 2010, 'DDD4444', 'Azul', 'Carro');
INSERT INTO veiculo (chave, marca, modelo, ano, placa, cor, tipo) VALUES (105, 'Ford', 'Fiesta', 2018, 'EEE5555', 'Vermelho', 'Carro');
INSERT INTO veiculo (chave, marca, modelo, ano, placa, cor, tipo) VALUES (106, 'Honda', 'Civic', 2017, 'FFF6666', 'Cinza', 'Carro');
INSERT INTO veiculo (chave, marca, modelo, ano, placa, cor, tipo) VALUES (107, 'Hyundai', 'HB20', 2019, 'GGG7777', 'Azul escuro', 'Carro');
INSERT INTO veiculo (chave, marca, modelo, ano, placa, cor, tipo) VALUES (108, 'Renault', 'Sandero', 2015, 'HHH8888', 'Verde', 'Carro');
INSERT INTO veiculo (chave, marca, modelo, ano, placa, cor, tipo) VALUES (109, 'Nissan', 'Versa', 2018, 'III9999', 'Branco pérola', 'Carro');
INSERT INTO veiculo (chave, marca, modelo, ano, placa, cor, tipo) VALUES (110, 'Kia', 'Sportage', 2016, 'JJJ0000', 'Marrom', 'Carro');
INSERT INTO veiculo (chave, marca, modelo, ano, placa, cor, tipo) VALUES (111, 'Ford', 'Focus', 2012, 'KKK1111', 'Vinho', 'Carro');
INSERT INTO veiculo (chave, marca, modelo, ano, placa, cor, tipo) VALUES (112, 'Volkswagen', 'Golf', 2014, 'LLL2222', 'Cinza chumbo', 'Carro');
INSERT INTO veiculo (chave, marca, modelo, ano, placa, cor, tipo) VALUES (113, 'Toyota', 'Hilux', 2017, 'MMM3333', 'Azul marinho', 'Caminhonete');
INSERT INTO veiculo (chave, marca, modelo, ano, placa, cor, tipo) VALUES (114, 'Chevrolet', 'S10', 2015, 'NNN4444', 'Prata metálico', 'Caminhonete');
INSERT INTO veiculo (chave, marca, modelo, ano, placa, cor, tipo) VALUES (115, 'Ford', 'Ranger', 2016, 'OOO5555', 'Vermelho metálico', 'Caminhonete');
INSERT INTO veiculo (chave, marca, modelo, ano, placa, cor, tipo) VALUES (116, 'Mitsubishi', 'L200', 2017, 'PPP6666', 'Branco', 'Caminhonete');
INSERT INTO veiculo (chave, marca, modelo, ano, placa, cor, tipo) VALUES (117, 'Toyota', 'Hilux SW4', 2018, 'QQQ7777', 'Preto metálico', 'Carro');
INSERT INTO veiculo (chave, marca, modelo, ano, placa, cor, tipo) VALUES (118, 'Honda', 'HR-V', 2019, 'RRR8888', 'Azul claro', 'Carro');
INSERT INTO veiculo (chave, marca, modelo, ano, placa, cor, tipo) VALUES (119, 'Jeep', 'Compass', 2017, 'SSS9999', 'Marrom metálico', 'Carro');
INSERT INTO veiculo (chave, marca, modelo, ano, placa, cor, tipo) VALUES (120, 'Hyundai', 'Creta', 2018, 'TTT0000', 'Vermelho metálico', 'Carro');
INSERT INTO veiculo (chave, marca, modelo, ano, placa, cor, tipo) VALUES (121, 'Nissan', 'Kicks', 2017, 'UUU1111', 'Branco', 'Carro');
INSERT INTO veiculo (chave, marca, modelo, ano, placa, cor, tipo) VALUES (122, 'Chevrolet', 'Tracker', 2019, 'VVV2222', 'Azul escuro', 'Carro');
INSERT INTO veiculo (chave, marca, modelo, ano, placa, cor, tipo) VALUES (123, 'Mitsubishi', 'Pajero Full', 2016, 'WWW3333', 'Prata', 'Carro');
INSERT INTO veiculo (chave, marca, modelo, ano, placa, cor, tipo) VALUES (124, 'Ferrari', '458 Italia', 2013, 'XXX4444', 'Vermelho', 'Carro');
INSERT INTO veiculo (chave, marca, modelo, ano, placa, cor, tipo) VALUES (125, 'Lamborghini', 'Aventador', 2014, 'YYY5555', 'Laranja metálico', 'Carro');
INSERT INTO veiculo (chave, marca, modelo, ano, placa, cor, tipo) VALUES (126, 'Bugatti', 'Veyron', 2013, 'MMM7878', 'Roxo escuro', 'Carro');
INSERT INTO veiculo (chave, marca, modelo, ano, placa, cor, tipo) VALUES (127, 'Honda', 'Civic', 2019, 'FJQ6543', 'Cinza', 'Carro');
INSERT INTO veiculo (chave, marca, modelo, ano, placa, cor, tipo) VALUES (128, 'Chevrolet', 'Onix', 2022, 'KEO7412', 'Vermelho', 'Carro');
INSERT INTO veiculo (chave, marca, modelo, ano, placa, cor, tipo) VALUES (129, 'Volkswagen', 'Gol', 2016, 'FGJ8855', 'Prata', 'Carro');
INSERT INTO veiculo (chave, marca, modelo, ano, placa, cor, tipo) VALUES (130, 'Ford', 'Ka', 2015, 'HJI1258', 'Preto', 'Carro');
INSERT INTO veiculo (chave, marca, modelo, ano, placa, cor, tipo) VALUES (131, 'Renault', 'Kwid', 2021, 'BOM3314', 'Azul', 'Carro');
INSERT INTO veiculo (chave, marca, modelo, ano, placa, cor, tipo) VALUES (132, 'Fiat', 'Uno', 2012, 'JHJ6549', 'Branco', 'Carro');
INSERT INTO veiculo (chave, marca, modelo, ano, placa, cor, tipo) VALUES (133, 'Toyota', 'Corolla', 2018, 'CBH8963', 'Prata', 'Carro');
INSERT INTO veiculo (chave, marca, modelo, ano, placa, cor, tipo) VALUES (134, 'Jeep', 'Renegade', 2020, 'NML4412', 'Preto', 'Carro');
INSERT INTO veiculo (chave, marca, modelo, ano, placa, cor, tipo) VALUES (135, 'Nissan', 'Kicks', 2019, 'AKL7777', 'Branco', 'Carro');
INSERT INTO veiculo (chave, marca, modelo, ano, placa, cor, tipo) VALUES (136, 'Hyundai', 'HB20', 2017, 'DKF4567', 'Vermelho', 'Carro');
INSERT INTO veiculo (chave, marca, modelo, ano, placa, cor, tipo) VALUES (137, 'Mitsubishi', 'Pajero', 2009, 'ASD9867', 'Azul', 'Caminhonete');
INSERT INTO veiculo (chave, marca, modelo, ano, placa, cor, tipo) VALUES (138, 'Mercedes-Benz', 'Sprinter', 2015, 'MKL7752', 'Branco', 'Furgão');
INSERT INTO veiculo (chave, marca, modelo, ano, placa, cor, tipo) VALUES (139, 'Volvo', 'FH', 2019, 'IOL9631', 'Preto', 'Caminhão');
INSERT INTO veiculo (chave, marca, modelo, ano, placa, cor, tipo) VALUES (140, 'Scania', 'G440', 2018, 'PQR3665', 'Vermelho', 'Caminhão');
INSERT INTO veiculo (chave, marca, modelo, ano, placa, cor, tipo) VALUES (141, 'Iveco', 'Stralis', 2016, 'TYK9651', 'Azul', 'Caminhão');
INSERT INTO veiculo (chave, marca, modelo, ano, placa, cor, tipo) VALUES (142, 'Bugatti', 'Chiron', 2021, 'BUG2022', 'Preto', 'Carro');
INSERT INTO veiculo (chave, marca, modelo, ano, placa, cor, tipo) VALUES (143, 'Lamborghini', 'Aventador SVJ', 2021, 'LAM0512', 'Amarelo', 'Carro');
INSERT INTO veiculo (chave, marca, modelo, ano, placa, cor, tipo) VALUES (144, 'Pagani', 'Huayra BC', 2019, 'PAG2019', 'Azul', 'Carro');
INSERT INTO veiculo (chave, marca, modelo, ano, placa, cor, tipo) VALUES (145, 'Ferrari', 'LaFerrari', 2016, 'FER2563', 'Vermelho', 'Carro');
INSERT INTO veiculo (chave, marca, modelo, ano, placa, cor, tipo) VALUES (146, 'Koenigsegg', 'Jesko', 2022, 'KOE2022', 'Branco', 'Carro');
INSERT INTO veiculo (chave, marca, modelo, ano, placa, cor, tipo) VALUES (147, 'Rolls-Royce', 'Phantom', 2021, 'RRY2022', 'Preto', 'Carro');
INSERT INTO veiculo (chave, marca, modelo, ano, placa, cor, tipo) VALUES (148, 'Bentley', 'Continental GT', 2022, 'BEN2022', 'Branco', 'Carro');
INSERT INTO veiculo (chave, marca, modelo, ano, placa, cor, tipo) VALUES (149, 'Maybach', 'S650', 2021, 'MAY2022', 'Prata', 'Carro');
INSERT INTO veiculo (chave, marca, modelo, ano, placa, cor, tipo) VALUES (150, 'McLaren', 'Speedtail', 2022, 'TCG6577', 'Vermelho', 'Carro');
INSERT INTO veiculo (chave, marca, modelo, ano, placa, cor, tipo) VALUES (151, 'Fiat', '500', 2021, 'TWC1221', 'Vermelho', 'Carro');
INSERT INTO veiculo (chave, marca, modelo, ano, placa, cor, tipo) VALUES (152, 'BMW', 'X1', 2020, 'HCD1023', 'Prata', 'Carro');

COMMIT TRANSACTION;
PRAGMA foreign_keys = on;
